{"cameraMode":{"drawMode":0,"name":"Shaded","section":"Shading Mode"},"sceneLighting":true,"audioPlay":false,"sceneViewState":{"m_AlwaysRefresh":false,"showFog":true,"showSkybox":true,"showFlares":true,"showImageEffects":true,"showParticleSystems":true,"showVisualEffectGraphs":true,"m_FxEnabled":true},"in2DMode":false,"pivot":{"x":14.023406982421875,"y":-13.155914306640625,"z":-27.038925170898439},"rotation":{"x":0.08555006235837937,"y":-0.8277843594551086,"z":0.13146492838859559,"w":0.5386766195297241},"size":113.60332489013672,"orthographic":false}